{"available":true,"mean_predicted":[0.044903427964367526,0.1257015241748535,0.2110238884176614,0.28938328413992237,0.37045667872693017,0.4577689184775242,0.5400073552194671,0.6245791187211761,0.7065321009554606,0.7891601691187089,0.8753523733885168,0.9506768216491004],"empirical":[0.03862894450489663,0.108603066439523,0.19803801348865727,0.2999266682962601,0.3619109947643979,0.4647006255585344,0.532719836400818,0.641755634638197,0.7426666666666667,0.8196994991652755,0.8713592233009708,0.9685314685314685],"counts":[1838,2348,3262,4091,1528,1119,978,843,750,599,412,286]}